Date,"HHS Region 1 (CT, ME, MA, NH, RI, VT)","HHS Region 2 (NJ, NY)","HHS Region 3 (DE, DC, MD, PA, VA, WV)","HHS Region 4 (AL, FL, GA, KY, MS, NC, SC, TN)","HHS Region 5 (IL, IN, MI, MN, OH, WI)","HHS Region 6 (AR, LA, NM, OK, TX)","HHS Region 7 (IA, KS, MO, NE)","HHS Region 8 (CO, MT, ND, SD, UT, WY)","HHS Region 9 (AZ, CA, HI, NV)","HHS Region 10 (AK, ID, OR, WA)"
1/4/2004,2726,3485,3832,2720,2855,3568,1286,1336,3937,2159
1/11/2004,1405,2171,2744,1717,1746,2429,997,874,2321,1463
1/18/2004,870,1502,2178,1377,1259,2149,776,683,1698,1184
1/25/2004,762,1283,1710,1041,1076,2059,616,623,1665,1122
2/1/2004,647,1055,1626,971,948,1829,527,559,1290,946
2/8/2004,592,969,1548,835,966,1659,441,489,1393,978
2/15/2004,474,983,1644,792,906,1903,420,439,1357,951
2/22/2004,528,921,1611,775,954,1580,401,394,1176,799
2/29/2004,389,806,1382,635,817,1636,441,374,1030,793
3/7/2004,267,784,1284,576,816,1355,427,359,1008,854
3/14/2004,149,788,1191,639,711,1256,419,332,909,829
3/21/2004,201,840,1284,592,728,1168,414,310,926,866
3/28/2004,219,779,1215,521,665,1076,375,277,778,807
4/4/2004,199,876,1196,565,665,1065,350,276,840,777
4/11/2004,192,861,1097,521,629,1065,354,256,676,764
4/18/2004,209,572,1011,468,538,1098,350,263,853,606
4/25/2004,247,594,1051,424,528,1095,360,254,769,530
5/2/2004,249,562,1082,416,523,1064,327,230,726,502
5/9/2004,244,452,940,406,551,996,332,227,698,562
5/16/2004,218,529,881,457,506,1067,300,217,615,571
5/23/2004,229,431,933,409,490,926,291,219,653,557
5/30/2004,240,517,842,420,454,903,286,234,712,515
6/6/2004,235,536,937,451,446,954,259,249,598,451
6/13/2004,240,493,950,420,468,876,267,236,647,434
6/20/2004,216,474,863,386,497,811,256,247,654,442
6/27/2004,192,451,812,432,455,814,246,245,610,431
7/4/2004,169,505,875,413,417,824,253,232,691,455
7/11/2004,181,338,890,360,415,887,257,225,641,454
7/18/2004,199,426,813,397,414,878,238,239,582,453
7/25/2004,184,449,875,367,424,833,241,222,554,444
8/1/2004,178,411,888,401,415,863,231,223,620,427
8/8/2004,177,454,834,412,472,903,232,203,613,400
8/15/2004,188,440,833,430,456,920,255,199,647,421
8/22/2004,208,519,917,516,493,975,274,199,697,465
8/29/2004,229,520,878,454,532,1059,292,200,789,486
9/5/2004,263,594,1223,493,611,1209,329,232,857,495
9/12/2004,321,665,1108,501,692,1301,389,246,846,516
9/19/2004,308,689,1308,573,690,1433,404,269,915,646
9/26/2004,325,771,1271,599,760,1292,457,277,984,753
10/3/2004,499,971,1724,757,957,1855,550,372,1168,976
10/10/2004,577,1443,2095,969,1170,2550,662,558,1684,1286
10/17/2004,775,1674,2398,1158,1397,2776,908,763,1930,1709
10/24/2004,806,1867,2410,1306,1404,2758,920,886,2129,1514
10/31/2004,792,1580,2413,1349,1505,2787,861,823,2013,1645
11/7/2004,779,1575,2330,1419,1534,2824,885,804,2009,1751
11/14/2004,860,1609,2245,1428,1404,2708,820,676,1913,1718
11/21/2004,728,1549,2056,1152,1331,2437,816,622,1772,1384
11/28/2004,884,1600,2419,1424,1509,2725,816,690,1969,1564
12/5/2004,997,1640,2359,1324,1474,2630,866,687,1909,1726
12/12/2004,1227,2001,2279,1271,1518,2524,803,640,1986,1598
12/19/2004,1778,2894,2600,1559,1738,2951,869,844,2101,1792
12/26/2004,2536,4059,3276,1767,2369,3445,1113,1082,2643,2242
1/2/2005,2494,4024,3242,1806,2163,3156,1004,1085,2677,2210
1/9/2005,2267,3085,3086,1511,2237,3058,1045,1205,2325,2234
1/16/2005,1934,2716,3180,1606,2254,4021,1068,1698,2560,3042
1/23/2005,1815,2716,3377,2096,2755,4927,1431,2119,2705,2771
1/30/2005,1935,3088,4042,2816,3445,6151,2044,2058,2843,3311
2/6/2005,2108,3296,5019,3742,3988,7317,2428,2365,3531,3409
2/13/2005,1822,3353,5156,3950,3938,7648,2509,2093,3646,3893
2/20/2005,1427,2942,4426,3452,3413,6036,2459,1839,3114,4138
2/27/2005,1230,2157,3782,2745,2830,4665,1998,1453,2462,3332
3/6/2005,1208,2030,3356,2528,2390,3533,1558,1170,2264,2550
3/13/2005,1005,1870,2997,2312,2003,2974,1242,937,1900,1900
3/20/2005,930,1769,2725,1847,1850,2756,1164,828,1744,1808
3/27/2005,788,1559,2277,1432,1522,2285,831,796,1869,1730
4/3/2005,706,1161,1827,999,1106,2063,752,608,1676,1351
4/10/2005,529,869,1405,838,991,1662,581,490,1458,1240
4/17/2005,490,816,1381,754,775,1586,576,496,1332,988
4/24/2005,369,759,1340,696,783,1409,486,444,1218,917
5/1/2005,360,705,1316,668,741,1422,413,368,1132,816
5/8/2005,353,626,1180,616,662,1238,393,305,1174,769
5/15/2005,338,588,1182,534,584,1244,391,274,1097,724
5/22/2005,314,602,1090,550,595,1206,449,265,1064,661
5/29/2005,295,584,1108,565,588,1144,487,270,1013,618
6/5/2005,264,570,1081,490,516,1103,344,239,874,614
6/12/2005,275,520,1063,483,472,1078,292,236,941,644
6/19/2005,250,512,1032,469,523,1038,285,229,880,742
6/26/2005,214,488,959,458,506,960,283,240,791,598
7/3/2005,237,473,1051,481,469,1008,308,232,813,527
7/10/2005,283,502,947,444,519,998,320,225,830,608
7/17/2005,261,508,965,490,441,996,299,229,780,525
7/24/2005,223,537,951,449,462,982,297,222,733,522
7/31/2005,227,501,913,469,526,997,302,236,723,586
8/7/2005,243,529,1002,495,467,1066,308,225,780,581
8/14/2005,239,521,1067,508,545,1121,302,231,799,573
8/21/2005,249,642,1074,529,584,1127,310,267,880,564
8/28/2005,275,556,1064,559,588,1115,319,286,870,488
9/4/2005,296,608,1221,633,694,1334,397,284,950,534
9/11/2005,427,914,1422,730,855,1841,547,367,1374,1000
9/18/2005,476,955,1417,740,995,1494,501,470,1316,909
9/25/2005,545,1055,1551,816,977,1709,559,408,1566,1141
10/2/2005,614,1209,1774,951,1211,2032,722,581,1955,1671
10/9/2005,906,1351,2195,1162,1433,2541,802,697,2248,2141
10/16/2005,890,1331,2094,1202,1349,2463,831,728,2223,1831
10/23/2005,824,1481,2220,1257,1421,2506,874,710,1974,1566
10/30/2005,1087,1845,2540,1538,1661,3094,1025,916,2513,2004
11/6/2005,881,1571,2266,1467,1475,2920,903,902,2233,1653
11/13/2005,943,1536,2425,1447,1476,2858,886,889,2347,1640
11/20/2005,745,1315,2139,1236,1304,2597,779,681,2287,1535
11/27/2005,914,1471,2258,1315,1477,2834,887,761,2389,1557
12/4/2005,803,1447,2177,1303,1378,2865,881,865,2928,1438
12/11/2005,743,1408,2155,1410,1404,3412,893,933,4371,1989
12/18/2005,928,1605,2375,1560,1560,4397,1046,1516,6042,3033
12/25/2005,1186,2134,2729,1971,1970,5326,1415,2058,6296,3133
1/1/2006,1207,2087,2725,1816,1940,4344,1288,1388,4052,2660
1/8/2006,1052,1784,2335,1487,1603,3797,998,1089,2836,2180
1/15/2006,942,1684,2281,1541,1519,3895,1137,1067,2197,1950
1/22/2006,964,1873,2552,1700,1626,4145,1244,1055,2223,1853
1/29/2006,1023,1910,2479,1823,1680,4124,1316,1069,2097,1847
2/5/2006,1136,2106,2533,1943,1791,3935,1502,1028,2033,1667
2/12/2006,1297,2171,2742,2526,1946,4218,1678,1082,2045,1640
2/19/2006,1413,2227,3102,2737,2139,3798,1754,1214,2052,1867
2/26/2006,1443,2220,3306,2482,2366,3515,1738,1248,2040,1998
3/5/2006,1520,2131,3597,2103,2386,2859,1591,1236,1938,1892
3/12/2006,1344,1806,3128,1644,2038,2401,1209,1227,2081,2121
3/19/2006,1494,1792,2809,1379,1948,2141,984,1172,2132,2361
3/26/2006,1240,1521,2726,1302,1770,2222,842,923,1933,2187
4/2/2006,1020,1404,2312,953,1331,1920,718,582,1801,1611
4/9/2006,817,1159,1883,807,1197,1734,562,527,1578,1351
4/16/2006,659,978,1587,742,941,1596,487,466,1432,1174
4/23/2006,539,858,1436,698,892,1615,474,447,1231,1027
4/30/2006,463,816,1447,669,856,1524,485,471,1243,1088
5/7/2006,427,784,1459,683,807,1383,418,395,1126,912
5/14/2006,374,713,1273,661,716,1348,395,345,1050,825
5/21/2006,401,772,1279,593,717,1257,419,355,1033,793
5/28/2006,345,658,1179,605,694,1307,378,325,1011,781
6/4/2006,326,640,1137,610,584,1093,349,266,859,649
6/11/2006,316,625,1077,536,575,1048,316,234,826,647
6/18/2006,277,525,1079,482,539,1061,289,233,759,668
6/25/2006,236,508,1042,453,558,985,287,254,726,586
7/2/2006,322,563,948,487,560,995,305,248,755,625
7/9/2006,262,536,997,458,571,1041,338,250,723,515
7/16/2006,260,540,963,446,516,975,324,236,707,566
7/23/2006,245,568,977,504,523,1035,306,214,614,538
7/30/2006,257,474,961,437,527,980,321,207,666,534
8/6/2006,257,547,937,454,515,1016,300,219,670,495
8/13/2006,285,541,973,506,529,1001,312,239,719,600
8/20/2006,263,540,1033,556,585,1067,333,246,719,515
8/27/2006,284,545,1002,555,574,1142,350,309,760,501
9/3/2006,309,649,1223,643,627,1276,403,323,873,593
9/10/2006,419,751,1325,685,756,1427,438,337,990,592
9/17/2006,483,945,1560,781,922,1554,516,367,1057,741
9/24/2006,528,908,1562,785,933,1636,516,421,1128,865
10/1/2006,519,933,1611,843,944,1828,580,467,1194,956
10/8/2006,564,953,1618,906,994,1899,538,483,1281,1123
10/15/2006,551,1010,1712,1053,1084,1953,561,493,1340,1031
10/22/2006,639,1119,1923,1123,1160,2381,651,627,1539,1121
10/29/2006,657,1214,2018,1263,1282,2578,841,687,1652,1429
11/5/2006,702,1277,2053,1449,1294,2915,900,726,1580,1292
11/12/2006,861,1379,2205,1578,1492,2943,920,812,1809,1472
11/19/2006,688,1193,1951,1455,1377,2759,782,690,1611,1221
11/26/2006,912,1563,2359,1759,1586,2916,953,881,1969,1439
12/3/2006,921,1661,2327,1724,1526,2923,984,813,1909,1538
12/10/2006,928,1613,2340,2414,1601,3312,1081,889,2006,1618
12/17/2006,1049,1728,2546,2969,1859,3406,1362,930,2040,1782
12/24/2006,1207,2065,2786,2682,2335,3797,1715,1126,2568,2157
12/31/2006,1425,2066,2864,2112,2187,3653,1378,992,2617,2238
1/7/2007,1138,1784,2490,1697,1805,3251,1169,879,2323,1977
1/14/2007,957,1616,2240,1590,1712,2854,1268,807,2398,1961
1/21/2007,1100,1584,2227,1842,1919,3376,1591,859,2865,2426
1/28/2007,1053,1801,2360,1993,2118,4318,1648,1120,3233,2889
2/4/2007,1188,2046,2559,2199,2517,5975,1983,1253,3381,4336
2/11/2007,1255,2204,2616,2482,2899,6090,2190,1469,3162,5185
2/18/2007,1358,2399,2848,2598,2586,6458,1967,1689,2564,4005
2/25/2007,1326,2393,2868,2292,2244,5358,1511,1737,2445,3162
3/4/2007,1210,2257,2850,1937,2094,4491,1118,1604,2333,2695
3/11/2007,1071,2009,2597,1626,1877,3318,941,1501,1879,1902
3/18/2007,1002,1878,2558,1444,1759,2694,793,1243,1618,1503
3/25/2007,930,1745,2330,1141,1320,2095,613,866,1384,1361
4/1/2007,824,1436,1925,875,1112,1843,517,777,1277,1218
4/8/2007,778,1269,1898,935,1153,2098,525,646,1253,1219
4/15/2007,677,1082,1863,820,1064,1829,483,607,1134,960
4/22/2007,550,833,1599,762,844,1668,445,500,1002,903
4/29/2007,440,787,1404,644,757,1534,449,388,970,934
5/6/2007,365,768,1403,649,721,1394,384,335,880,814
5/13/2007,293,681,1218,633,695,1372,330,343,886,737
5/20/2007,318,692,1261,560,646,1330,366,333,801,748
5/27/2007,280,648,1163,573,633,1353,378,278,851,775
6/3/2007,257,619,1095,547,553,1281,333,265,765,615
6/10/2007,277,595,1057,520,544,1314,307,270,749,667
6/17/2007,267,548,1117,491,544,1257,277,266,751,630
6/24/2007,258,512,1011,509,509,1191,290,243,727,617
7/1/2007,236,521,1013,486,518,1234,295,234,685,563
7/8/2007,216,526,1027,449,509,1183,332,248,687,548
7/15/2007,244,502,983,487,502,1212,305,267,705,470
7/22/2007,224,476,1010,493,499,1210,318,259,667,489
7/29/2007,213,555,1002,486,509,1219,298,278,695,474
8/5/2007,211,531,1004,501,541,1265,349,289,674,560
8/12/2007,232,566,1029,519,563,1183,342,348,716,533
8/19/2007,270,557,1062,529,600,1178,332,347,780,537
8/26/2007,270,576,1157,590,645,1316,416,319,727,575
9/2/2007,264,661,1277,680,744,1548,468,348,810,606
9/9/2007,334,664,1382,691,797,1577,501,393,918,692
9/16/2007,456,847,1454,727,859,1724,547,387,940,767
9/23/2007,419,863,1441,782,872,1704,544,458,1114,865
9/30/2007,448,1039,1575,850,902,1958,553,497,1193,1083
10/7/2007,447,952,1553,892,956,2205,585,515,1223,1135
10/14/2007,572,1082,1642,1035,1098,2298,661,592,1284,1174
10/21/2007,551,1064,1738,1085,1155,2514,733,635,1285,1338
10/28/2007,667,1242,1868,1188,1272,2735,899,693,1385,1418
11/4/2007,640,1317,2050,1281,1373,2875,913,696,1510,1351
11/11/2007,782,1360,2055,1310,1341,2937,965,756,1570,1526
11/18/2007,680,1191,1868,1187,1222,2419,770,737,1380,1320
11/25/2007,782,1450,2167,1339,1467,2937,944,763,1664,1460
12/2/2007,769,1466,2051,1279,1335,2962,854,738,1525,1428
12/9/2007,737,1452,2070,1248,1360,2553,827,794,1656,1425
12/16/2007,762,1630,2156,1229,1550,2517,865,933,1811,1655
12/23/2007,938,1792,2392,1347,1818,3037,996,1166,2114,2124
12/30/2007,1094,2225,2602,1490,2024,4237,1030,1179,2712,2287
1/6/2008,1008,2131,2519,1485,1800,4331,1000,1034,2623,2350
1/13/2008,975,2091,2539,1473,1858,4791,1144,1198,2589,2266
1/20/2008,1158,2525,3216,2095,2571,6953,1575,1591,3422,2715
1/27/2008,1704,3659,4484,3234,3380,9542,2574,1978,3882,3325
2/3/2008,2621,4752,5760,4730,4440,10290,3538,2777,4337,3949
2/10/2008,3394,5014,5741,5736,4702,9336,4095,3417,5448,4442
2/17/2008,4440,5750,6019,6540,5481,8836,4680,4425,5615,5500
2/24/2008,3822,5088,5369,5415,5223,7280,4033,3682,4374,4810
3/2/2008,3125,4014,4381,3915,4379,5193,3440,2802,3413,3662
3/9/2008,2230,3280,3461,2825,3544,4224,2558,2052,2737,3162
3/16/2008,2028,2558,2944,2066,2865,3118,1739,1475,2216,2467
3/23/2008,1503,2142,2626,1615,2337,2726,1256,1146,1834,2335
3/30/2008,1156,1661,2193,1289,1831,2201,882,921,1555,2107
4/6/2008,905,1374,1888,1056,1469,2018,704,715,1379,1652
4/13/2008,681,1126,1669,926,1224,1852,652,639,1297,1404
4/20/2008,584,906,1493,833,982,1780,525,582,1205,1312
4/27/2008,470,797,1385,763,834,1552,484,489,1002,1169
5/4/2008,351,777,1190,672,746,1393,433,404,951,1023
5/11/2008,395,733,1137,596,774,1399,441,418,924,1037
5/18/2008,345,750,1173,592,720,1341,378,361,810,824
5/25/2008,327,696,1089,588,665,1214,334,324,783,712
6/1/2008,296,652,1009,531,595,1179,299,311,724,675
6/8/2008,256,574,908,482,565,1062,263,314,745,729
6/15/2008,250,547,936,466,570,1037,302,272,706,695
6/22/2008,253,540,919,443,517,983,251,274,583,574
6/29/2008,232,486,878,443,525,983,272,222,583,522
7/6/2008,258,523,890,451,509,1050,284,228,618,565
7/13/2008,231,507,885,444,490,988,251,226,557,482
7/20/2008,222,496,827,420,490,988,243,200,568,526
7/27/2008,258,494,866,433,475,987,289,225,545,500
8/3/2008,222,558,874,461,505,948,278,201,569,499
8/10/2008,264,562,878,488,516,1004,316,210,663,533
8/17/2008,280,586,913,493,559,1015,352,261,659,527
8/24/2008,300,606,994,559,607,1171,362,279,699,564
8/31/2008,332,650,1221,624,685,1333,420,314,954,666
9/7/2008,370,730,1470,726,783,1460,510,398,1038,793
9/14/2008,458,903,1564,784,913,1554,580,457,1143,833
9/21/2008,532,1078,1644,876,1026,1746,561,449,1254,936
9/28/2008,606,1104,1792,920,1084,1891,546,477,1265,1044
10/5/2008,661,1229,1789,979,1112,2083,582,473,1254,1134
10/12/2008,658,1265,1853,1018,1168,2160,641,557,1413,1264
10/19/2008,764,1359,2025,1186,1319,2429,735,608,1537,1307
10/26/2008,767,1366,2166,1323,1424,2768,867,644,1547,1529
11/2/2008,872,1502,2354,1435,1494,2730,832,733,1635,1462
11/9/2008,929,1639,2594,1640,1736,3045,1012,792,1930,1843
11/16/2008,988,1674,2582,1620,1761,3145,1050,813,1946,1811
11/23/2008,812,1419,2375,1499,1542,2637,1034,753,1608,1398
11/30/2008,1136,1705,2576,1758,1823,3112,1087,849,1990,1764
12/7/2008,956,1707,2428,1606,1693,3004,1090,811,1931,1692
12/14/2008,913,1697,2452,1629,1578,2950,892,720,1749,1558
12/21/2008,920,1649,2602,1564,1794,3221,1099,819,1915,1220
12/28/2008,1105,1911,2668,1584,1841,3444,1040,835,2187,1349
1/4/2009,1025,2133,2545,1418,1703,3055,894,798,2293,1437
1/11/2009,1030,1882,2436,1345,1557,3157,896,689,2136,1431
1/18/2009,1147,2075,2712,1464,1710,4114,892,807,2238,1475
1/25/2009,1562,2437,3027,1782,1979,5133,984,941,2320,1707
2/1/2009,2298,3082,3584,2222,2297,7124,1216,1223,2637,2221
2/8/2009,2999,3590,4025,2875,2595,7224,1330,1398,2648,2578
2/15/2009,3318,3448,4157,2960,2756,5694,1505,1653,2958,3100
2/22/2009,2540,2863,4359,3212,2775,5136,1738,1609,2983,3498
3/1/2009,1717,2591,3897,3167,2786,4411,2059,1635,2575,3339
3/8/2009,1243,2209,3118,2618,2376,3417,1801,1398,2305,3151
3/15/2009,1019,1862,2697,1993,2123,2733,1503,1353,2268,3287
3/22/2009,973,1685,2375,1591,1854,2367,1169,1065,1877,2737
3/29/2009,735,1327,1949,1260,1494,2124,923,884,1740,2026
4/5/2009,648,1106,1725,1028,1241,1696,783,699,1664,1577
4/12/2009,548,1026,1650,934,1179,1766,748,615,1579,1329
4/19/2009,602,1007,1640,935,1161,2057,646,652,1672,1403
4/26/2009,1885,2969,3030,1817,2495,4491,1470,1713,4172,4232
5/3/2009,1094,1726,2451,1576,1752,3302,873,1093,2624,2495
5/10/2009,870,1793,2070,1166,1551,2517,766,774,2272,2321
5/17/2009,1175,2850,1958,1095,1525,2378,685,687,1907,2090
5/24/2009,1055,2929,1781,940,1382,2033,558,637,1762,1695
5/31/2009,1183,2981,1711,868,1305,1751,479,685,1649,1397
6/7/2009,1278,3241,1993,863,1520,1743,421,768,1863,1352
6/14/2009,1235,3044,2140,955,1282,1746,395,829,2104,1267
6/21/2009,925,2373,2163,938,934,1787,434,719,2099,1199
6/28/2009,675,1490,1940,966,846,1666,470,501,2164,1032
7/5/2009,552,1062,1686,938,766,1434,412,436,2092,1036
7/12/2009,450,932,1551,1017,738,1423,408,418,1921,858
7/19/2009,383,802,1492,1048,739,1701,421,382,1747,928
7/26/2009,397,838,1498,1196,775,1801,507,405,1740,932
8/2/2009,385,813,1470,1159,778,1895,489,374,1579,885
8/9/2009,389,833,1440,1175,774,1926,540,426,1518,1001
8/16/2009,390,873,1553,1492,836,2306,603,466,1608,947
8/23/2009,477,1019,1840,2121,1075,3042,892,711,1968,1201
8/30/2009,753,1397,2578,2985,1635,4250,1410,1118,2259,1782
9/6/2009,1177,1981,3407,4615,2462,6420,2119,1654,2802,2889
9/13/2009,1870,2410,4110,4495,2834,8542,2225,1985,3107,3487
9/20/2009,2195,2944,4482,4643,3217,10319,2303,2494,3692,4257
9/27/2009,2330,3114,5018,4978,3831,12711,2997,3278,4840,5388
10/4/2009,2209,3169,5820,4881,4841,12233,3910,4285,6299,7406
10/11/2009,2670,3752,6878,4443,6581,10928,5337,5561,7345,9739
10/18/2009,4205,5481,9169,4906,9384,9090,6112,5261,7874,10679
10/25/2009,6474,6902,8750,4320,8058,7226,3993,3402,7327,8944
11/1/2009,7776,7048,6702,3669,6300,6341,2774,2429,7550,7482
11/8/2009,6306,5966,5148,2942,4493,4993,1873,1662,5562,4994
11/15/2009,4126,4647,4052,2615,3329,4175,1461,1327,4581,3625
11/22/2009,2229,3160,2933,1968,2266,3369,1124,1067,3520,2565
11/29/2009,1856,2686,2956,2018,2154,3445,1213,1003,3394,2346
12/6/2009,1235,2289,2579,1723,1815,3180,1018,839,2762,1956
12/13/2009,1131,2048,2416,1574,1641,3013,908,835,2537,1787
12/20/2009,1058,1946,2289,1682,1731,3187,936,784,2605,1754
12/27/2009,1168,2051,2497,1806,1859,3318,1018,976,2787,1893
1/3/2010,1199,2040,2564,1758,1811,3290,964,865,2676,1964
1/10/2010,1005,1780,2306,1577,1590,2958,804,750,2199,1662
1/17/2010,884,1659,2274,1572,1515,3031,884,792,1958,1642
1/24/2010,978,1575,2252,1532,1592,2915,864,852,2009,1596
1/31/2010,1072,1536,2272,1507,1693,3054,1004,832,2084,1686
2/7/2010,1053,1547,2104,1566,1720,3045,1052,894,2303,1867
2/14/2010,1066,1462,2106,1696,1779,3358,1118,907,2303,1837
2/21/2010,976,1445,2128,1690,1677,3440,1053,893,2226,1885
2/28/2010,849,1321,2114,1703,1610,3297,978,881,2034,1859
3/7/2010,748,1258,2048,1619,1503,2923,991,754,2057,1780
3/14/2010,725,1109,1911,1434,1377,2353,831,697,1830,1662
3/21/2010,680,1083,1833,1266,1286,2402,779,649,1578,1506
3/28/2010,596,996,1717,1053,1172,2034,648,565,1426,1319
4/4/2010,561,925,1556,893,1085,1848,585,629,1392,1360
4/11/2010,522,812,1394,786,917,1710,527,475,1283,1094
4/18/2010,421,758,1369,707,806,1497,484,445,1053,954
4/25/2010,437,805,1388,717,837,1579,488,491,1085,984
5/2/2010,385,709,1306,657,847,1472,474,417,1091,927
5/9/2010,394,691,1300,634,840,1384,424,437,1034,902
5/16/2010,360,689,1285,629,819,1348,459,405,1010,871
5/23/2010,346,639,1258,603,734,1222,395,388,981,869
5/30/2010,321,601,1201,581,689,1213,399,366,996,871
6/6/2010,269,567,1066,514,616,1136,339,296,828,730
6/13/2010,278,556,1041,482,595,993,316,328,717,688
6/20/2010,267,515,983,466,549,992,323,290,761,635
6/27/2010,245,503,990,433,576,924,299,244,739,623
7/4/2010,226,531,955,424,557,984,301,268,742,576
7/11/2010,222,511,961,445,561,946,295,270,673,562
7/18/2010,212,544,932,437,537,953,295,241,645,563
7/25/2010,247,549,953,425,537,955,293,233,679,528
8/1/2010,232,568,971,424,560,972,291,238,708,529
8/8/2010,229,555,998,437,578,955,294,229,659,534
8/15/2010,278,601,981,482,606,1001,316,272,722,537
8/22/2010,241,604,1056,532,641,1113,388,276,731,525
8/29/2010,261,631,1092,615,693,1249,460,320,816,620
9/5/2010,299,656,1290,677,806,1430,446,349,944,719
9/12/2010,379,786,1513,748,947,1621,501,407,1098,907
9/19/2010,512,1055,1600,799,1049,1801,571,470,1116,992
9/26/2010,504,1080,1679,827,1082,1872,589,467,1130,1108
10/3/2010,534,1140,1756,885,1226,2046,644,496,1168,1264
10/10/2010,559,1196,1748,881,1177,2037,664,496,1172,1200
10/17/2010,646,1296,1885,1032,1302,2205,720,553,1281,1310
10/24/2010,683,1206,1899,1069,1281,2165,731,654,1445,1394
10/31/2010,751,1242,1951,1160,1352,2398,820,690,1532,1355
11/7/2010,711,1325,2044,1290,1452,2525,804,665,1526,1392
11/14/2010,767,1414,2048,1456,1536,2672,889,737,1624,1443
11/21/2010,667,1284,1853,1306,1350,2281,751,624,1434,1240
11/28/2010,820,1577,2227,1492,1568,2650,900,774,1777,1406
12/5/2010,854,1728,2147,1569,1499,2576,927,706,1699,1345
12/12/2010,898,1861,2255,1976,1428,2865,931,788,1841,1464
12/19/2010,1061,2329,2480,2642,1766,3490,1061,1012,1943,1541
12/26/2010,1388,2862,3096,2903,2146,3895,1314,1169,2299,1726
1/2/2011,1427,3050,3248,2785,2133,3798,1288,1048,2638,2024
1/9/2011,1135,2540,3044,2275,2050,3900,1200,1069,2613,1873
1/16/2011,1198,2482,3395,2663,2372,5116,1343,1262,2868,1931
1/23/2011,1317,2533,3818,3182,2977,6333,1767,1508,3116,2128
1/30/2011,1475,2331,3815,3680,2914,6066,1672,1561,3300,2124
2/6/2011,1686,2743,4084,3661,3106,5775,1797,1683,3677,2554
2/13/2011,1942,3248,4159,3772,3234,6711,2229,1880,3941,2941
2/20/2011,1776,2897,3861,3005,2937,5067,2153,1799,3462,2947
2/27/2011,1610,2469,3193,2021,2521,3801,1918,1627,3164,3264
3/6/2011,1246,1761,2695,1564,2193,3064,1621,1255,2728,2931
3/13/2011,993,1536,2338,1314,1874,2433,1279,1021,1961,2494
3/20/2011,904,1486,2039,1021,1610,2063,881,885,1548,2075
3/27/2011,804,1341,1886,908,1388,1854,774,701,1375,1696
4/3/2011,754,1116,1720,863,1185,1619,601,598,1191,1291
4/10/2011,638,922,1541,714,991,1471,489,488,1137,1164
4/17/2011,493,802,1360,665,901,1418,497,474,1014,1137
4/24/2011,436,720,1282,589,837,1278,492,415,1020,1103
5/1/2011,380,712,1193,596,807,1314,438,415,929,1029
5/8/2011,389,671,1152,591,728,1172,351,404,914,967
5/15/2011,358,624,1109,553,718,1186,376,353,920,862
5/22/2011,370,612,1128,506,640,1049,303,332,884,768
5/29/2011,306,562,1072,498,622,1012,311,348,880,857
6/5/2011,299,564,1056,456,575,1011,284,302,778,742
6/12/2011,256,500,964,432,527,894,263,252,720,680
6/19/2011,282,482,944,410,515,885,258,227,642,612
6/26/2011,215,439,895,363,475,784,228,197,576,597
7/3/2011,218,431,899,369,465,772,238,195,537,497
7/10/2011,215,451,833,366,446,768,241,167,533,450
7/17/2011,193,408,843,350,444,760,232,174,518,451
7/24/2011,204,401,788,354,437,765,229,207,506,422
7/31/2011,182,385,843,343,438,732,242,175,506,405
8/7/2011,189,427,828,352,474,796,237,198,502,388
8/14/2011,181,419,809,393,476,821,255,217,537,417
8/21/2011,214,423,852,469,554,952,295,247,625,475
8/28/2011,212,493,1066,557,639,1105,306,260,738,436
9/4/2011,264,607,1236,643,758,1409,392,303,850,539
9/11/2011,373,762,1438,757,977,1676,468,406,991,649
9/18/2011,523,984,1739,895,1206,1982,528,452,1146,919
9/25/2011,600,1128,1937,994,1308,2276,623,554,1302,987
10/2/2011,672,1314,2046,1045,1328,2335,645,527,1307,1154
10/9/2011,688,1317,2019,1108,1388,2355,571,598,1465,1323
10/16/2011,623,1223,1957,1086,1263,2520,678,541,1360,1274
10/23/2011,682,1263,2017,1174,1258,2531,609,577,1482,1235
10/30/2011,753,1436,2153,1320,1356,2834,745,652,1571,1238
11/6/2011,813,1407,2135,1348,1338,2822,722,591,1652,1271
11/13/2011,844,1493,2284,1370,1447,2841,804,681,1723,1363
11/20/2011,764,1364,2124,1272,1400,2718,807,705,1678,1198
11/27/2011,865,1601,2376,1463,1590,3131,881,725,2010,1441
12/4/2011,916,1546,2292,1405,1642,2934,884,700,1890,1384
12/11/2011,963,1676,2492,1555,1734,3123,926,737,1854,1457
12/18/2011,1114,1919,2836,1770,2068,3351,1145,952,2148,1694
12/25/2011,1482,2258,3258,2063,2549,3561,1498,1091,2558,1992
1/1/2012,1567,2413,3308,2054,2469,3414,1388,1068,2494,1961
1/8/2012,1339,2006,2909,1818,2090,3111,1151,919,2155,1950
1/15/2012,1220,1896,2803,1816,1981,3047,1186,945,2040,1693
1/22/2012,1271,1855,2777,1826,2092,3366,1355,997,2612,1842
1/29/2012,1181,1797,2750,1808,2085,3634,1558,1099,2642,1865
2/5/2012,994,1604,2578,1670,1908,3608,1460,982,2496,1807
2/12/2012,1091,1614,2518,1858,2057,4110,1658,1130,2437,2046
2/19/2012,1030,1691,2578,1943,2266,4779,2032,1260,2829,2167
2/26/2012,856,1514,2279,1741,2122,4895,2012,1179,2485,1975
3/4/2012,799,1520,2364,1713,2325,4964,2098,1248,2521,2177
3/11/2012,788,1546,2249,1676,2414,4593,1863,1227,2764,2428
3/18/2012,722,1432,1989,1394,1833,3570,1122,1097,2534,2386
3/25/2012,620,1313,1899,1339,1429,3022,769,907,2344,2591
4/1/2012,696,1341,1961,1183,1328,2665,615,804,2013,2373
4/8/2012,806,1430,2019,1134,1398,2623,667,757,1863,2412
4/15/2012,782,1419,2052,1131,1377,2675,628,730,1808,2155
4/22/2012,641,1297,1987,1197,1398,2801,648,672,1727,1829
4/29/2012,628,1368,1954,1139,1320,2430,556,634,1556,1785
5/6/2012,690,1414,1943,1157,1227,2321,578,544,1559,1759
5/13/2012,649,1315,1859,1181,1203,2376,541,539,1564,1596
5/20/2012,598,1157,1754,1195,1092,2284,493,492,1484,1468
5/27/2012,463,1008,1606,1103,985,2153,448,490,1480,1326
6/3/2012,483,893,1553,1025,921,2011,467,421,1305,1117
6/10/2012,439,892,1494,956,872,1863,438,383,1245,1102
6/17/2012,410,819,1343,832,755,1705,383,351,1073,1016
6/24/2012,318,703,1165,712,609,1446,320,274,887,796
7/1/2012,280,657,1159,623,596,1348,336,286,842,680
7/8/2012,294,670,1178,647,625,1435,354,291,861,657
7/15/2012,279,627,1138,604,588,1369,305,246,869,626
7/22/2012,261,581,1121,588,606,1315,337,262,786,579
7/29/2012,264,600,1131,582,611,1280,340,280,776,587
8/5/2012,279,604,1185,603,661,1325,325,266,761,554
8/12/2012,293,685,1287,672,727,1444,388,315,860,613
8/19/2012,344,747,1353,783,828,1628,486,346,937,710
8/26/2012,364,810,1442,896,890,1820,550,416,1126,696
9/2/2012,428,837,1647,1096,1047,2186,580,483,1260,881
9/9/2012,553,1052,1883,1191,1198,2489,683,497,1355,966
9/16/2012,732,1357,2086,1297,1365,2837,693,528,1535,1164
9/23/2012,926,1626,2357,1415,1513,2928,774,563,1579,1405
9/30/2012,992,1720,2481,1512,1614,3108,863,656,1667,1493
10/7/2012,1056,1971,2709,1693,1922,3364,914,737,1864,1718
10/14/2012,1030,1897,2764,1766,1965,3534,958,774,2090,1756
10/21/2012,988,1787,2658,1815,1895,3389,1003,775,2125,1754
10/28/2012,809,1287,2273,2102,1975,4090,1215,956,2336,2019
11/4/2012,999,1558,2559,2305,1895,4357,1295,979,2341,1977
11/11/2012,1183,1846,2796,2880,2226,5125,1482,1233,2785,2303
11/18/2012,1201,1924,2782,3269,2324,5604,1550,1245,2623,2292
11/25/2012,1498,2599,3211,4115,2868,6247,1887,1438,3030,2795
12/2/2012,1983,3494,3929,5800,3569,7203,2185,1740,3031,2924
12/9/2012,2656,4331,4678,6970,4363,7850,2510,2036,2980,3155
12/16/2012,3797,5738,6000,7946,5974,10337,3365,2657,3332,3404
12/23/2012,5758,8021,7757,8246,8270,13166,4490,3963,4560,4642
12/30/2012,6675,9393,8600,7719,9179,14257,5012,4854,5923,5654
1/6/2013,12461,11468,10074,9060,10544,16797,6404,6660,7665,7208
1/13/2013,14211,12969,10769,8722,10262,17808,6850,7698,10514,10629
1/20/2013,7412,10135,8498,6387,8087,15137,5367,5678,14864,11703
1/27/2013,4763,6869,6539,5132,6053,10783,4262,4068,12233,9384
2/3/2013,3134,5050,5285,4237,4643,8023,3349,3282,8671,6670
2/10/2013,2120,3996,4746,3655,3881,6199,2617,2341,6122,5060
2/17/2013,1905,3677,4561,3512,3630,5609,2188,2086,5440,4391
2/24/2013,1672,3163,4218,3231,3279,4950,1763,1639,4629,3557
3/3/2013,1423,2938,4011,3237,2944,4647,1543,1365,3939,2859
3/10/2013,1343,2781,3784,3066,2697,4274,1372,1231,3190,2556
3/17/2013,1297,2485,3384,2717,2432,3753,1205,1032,2591,2210
3/24/2013,1357,2280,3138,2467,2261,3308,1075,944,2291,1977
3/31/2013,1305,2012,2977,2287,2087,3121,982,828,2015,1832
4/7/2013,1125,1667,2469,1742,1777,2870,824,770,1828,1638
4/14/2013,807,1270,1993,1300,1394,2539,700,669,1660,1505
4/21/2013,694,1229,1932,1194,1332,2513,736,664,1605,1503
4/28/2013,584,1100,1819,1091,1149,2286,635,585,1510,1320
5/5/2013,491,1014,1730,1037,1052,2170,584,543,1422,1131
5/12/2013,439,892,1584,917,970,1917,531,451,1184,1070
5/19/2013,392,781,1405,841,849,1638,458,395,1129,1016
5/26/2013,412,822,1410,767,822,1593,440,419,1113,1014
6/2/2013,369,712,1340,701,798,1461,420,352,1016,965
6/9/2013,371,699,1260,672,749,1448,389,345,999,802
6/16/2013,357,691,1229,645,719,1356,388,323,995,866
6/23/2013,316,641,1183,619,671,1382,383,317,1009,790
6/30/2013,315,614,1139,607,719,1320,409,273,829,650
7/7/2013,300,648,1166,634,722,1309,372,292,870,676
7/14/2013,303,590,1162,616,677,1261,373,283,808,635
7/21/2013,330,649,1218,658,732,1297,387,321,886,652
7/28/2013,362,580,1038,656,568,1256,385,354,1052,629
8/4/2013,366,677,1068,676,623,1286,442,307,1052,544
8/11/2013,317,654,1132,720,623,1292,474,399,1145,564
8/18/2013,381,678,1060,788,702,1282,408,391,1134,667
8/25/2013,343,684,1188,849,729,1356,431,417,1211,661
9/1/2013,354,783,1361,969,815,1610,609,500,1256,731
9/8/2013,450,812,1375,1031,818,1721,663,498,1321,725
9/15/2013,567,1032,1500,982,939,1870,778,589,1408,889
9/22/2013,582,1175,1503,1104,1008,2176,736,546,1542,1009
9/29/2013,627,1201,1565,1124,968,1986,959,504,1525,1214
10/6/2013,562,1041,1506,1261,1038,2193,817,731,1560,1146
10/13/2013,580,1063,1537,1252,1006,2032,683,620,1490,1107
10/20/2013,579,1093,1688,1311,1101,2307,782,612,1619,1164
10/27/2013,529,1053,1727,1396,1044,2450,805,633,1641,1124
11/3/2013,654,1077,1644,1499,1161,2438,935,664,1778,1142
11/10/2013,680,1098,1711,1616,1163,2782,926,720,1862,1103
11/17/2013,669,1132,1718,1759,1170,3003,961,745,1662,1106
11/24/2013,604,1099,1686,1893,1254,3145,861,914,1756,1169
12/1/2013,753,1314,2021,2337,1465,3869,1183,1071,1885,1556
12/8/2013,741,1366,1910,2457,1617,4615,1476,1363,2191,1803
12/15/2013,897,1830,2415,4006,2423,7740,2308,2116,2961,2630
12/22/2013,1512,2954,3311,5178,3785,10071,4014,3189,4262,4489
12/29/2013,1918,3349,3872,4901,4337,9537,4682,3419,5530,5203
1/5/2014,2114,3471,4063,3947,3557,9119,4123,2953,6121,5514
1/12/2014,2294,3748,4265,3733,3310,7934,3932,2529,5838,4578
1/19/2014,1896,3329,3918,3346,3170,6747,3178,1898,5510,3699
1/26/2014,1967,3239,3489,2987,2340,5381,2580,1577,4711,3096
2/2/2014,1811,2875,3230,2361,2137,4254,1975,1319,3728,2305
2/9/2014,1683,2364,2899,1896,1849,3627,1510,1173,3079,2058
2/16/2014,1281,2066,2672,1700,1760,3604,1414,984,2589,1725
2/23/2014,1133,1691,2341,1695,1603,2889,1318,959,2115,1528
3/2/2014,1127,1856,2252,1550,1456,2713,1021,807,1923,1377
3/9/2014,1111,1814,2095,1331,1387,2821,880,778,1837,1174
3/16/2014,1024,2086,2005,1383,1273,2628,808,918,1710,1118
3/23/2014,1202,2459,2076,1321,1213,2554,808,780,1709,1172
3/30/2014,1182,2558,2105,1289,1287,2485,766,668,1673,1089
4/6/2014,1289,2496,2018,1226,1272,2397,784,662,1820,1217
4/13/2014,1224,2162,1949,1061,1124,2249,659,660,1690,1156
4/20/2014,1102,1527,1809,1149,1137,2456,588,616,1634,1026
4/27/2014,812,1392,1773,1125,1011,2154,498,668,1706,1151
5/4/2014,700,1243,1887,1054,1024,2093,592,557,1640,1087
5/11/2014,588,1130,1830,1028,946,1991,543,716,1619,1001
5/18/2014,480,1088,1622,1042,919,2047,474,771,1563,750
5/25/2014,400,1048,1675,961,909,1928,600,822,1792,897
6/1/2014,491,895,1439,928,731,1738,575,544,1536,812
6/8/2014,377,824,1336,865,711,1658,440,610,1431,776
6/15/2014,530,955,1302,747,762,1504,402,418,1408,696
6/22/2014,404,719,1304,724,668,1412,440,438,1402,678
6/29/2014,381,740,1210,776,659,1499,545,454,1314,697
7/6/2014,409,657,1169,769,677,1753,370,440,1218,612
7/13/2014,367,672,1494,738,651,1663,527,447,1398,869
7/20/2014,464,709,1270,747,723,1616,452,317,1298,905
7/27/2014,352,1624,686,541,451,1048,299,447,1190,244
8/3/2014,362,1816,717,567,608,1406,315,409,1156,376
8/10/2014,411,1132,615,579,634,1272,249,417,1000,553
8/17/2014,403,1100,922,577,587,1380,296,686,1198,88
8/24/2014,326,1302,687,648,644,1286,298,420,1128,10
8/31/2014,418,1489,736,724,660,1525,362,651,1365,276
9/7/2014,540,1631,1066,753,785,1981,266,451,1762,219
9/14/2014,506,1881,1157,768,864,1899,592,839,1470,476
9/21/2014,616,1712,1212,907,950,2037,597,653,1444,428
9/28/2014,759,1902,1311,935,856,1798,609,732,1408,463
10/5/2014,971,2032,1213,971,789,1850,660,640,1654,393
10/12/2014,1118,1882,1082,1186,758,2016,1015,882,1835,909
10/19/2014,954,2502,1167,949,844,2034,1020,514,1673,668
10/26/2014,779,1813,1129,1244,798,2273,940,1005,1609,652
11/2/2014,864,1686,1261,1384,881,2147,950,742,1817,774
11/9/2014,706,1839,1090,1380,873,2148,1018,908,1663,747
11/16/2014,908,1921,1148,1522,1429,2280,975,824,1990,571
11/23/2014,861,2006,1247,1892,1788,2633,1320,1055,2186,1096
11/30/2014,988,2664,1939,2733,1840,3476,2109,880,1869,807
12/7/2014,1364,3373,2246,3386,4056,6155,3413,2347,2098,1424
12/14/2014,1831,4507,4582,6091,5726,9449,6660,3506,2422,2268
12/21/2014,2778,6480,7058,8008,7184,12555,9711,5602,3569,3112
12/28/2014,2904,6836,6314,6085,4879,11632,8304,4029,4311,3156
